{
  "id": "4297165",
  "name": "music",
  "font_family": "iconfont",
  "css_prefix_text": "icon-",
  "description": "",
  "glyphs": [
    {
      "icon_id": "22785545",
      "name": "音量-无",
      "font_class": "yinliang-wu",
      "unicode": "e822",
      "unicode_decimal": 59426
    },
    {
      "icon_id": "31426144",
      "name": "音量大",
      "font_class": "yinliangda",
      "unicode": "e6a2",
      "unicode_decimal": 59042
    },
    {
      "icon_id": "31426145",
      "name": "音量小",
      "font_class": "yinliangxiao",
      "unicode": "e6a3",
      "unicode_decimal": 59043
    },
    {
      "icon_id": "37927853",
      "name": "音量-中",
      "font_class": "yinliang-zhong",
      "unicode": "e6f1",
      "unicode_decimal": 59121
    },
    {
      "icon_id": "24267251",
      "name": "播放-循环播放",
      "font_class": "bofang-xunhuanbofang",
      "unicode": "e68d",
      "unicode_decimal": 59021
    },
    {
      "icon_id": "33711681",
      "name": "随机播放",
      "font_class": "suijibofang",
      "unicode": "e614",
      "unicode_decimal": 58900
    },
    {
      "icon_id": "18918326",
      "name": "apple music icon_06",
      "font_class": "applemusicicon_06",
      "unicode": "e60c",
      "unicode_decimal": 58892
    },
    {
      "icon_id": "18918327",
      "name": "apple music icon_08",
      "font_class": "applemusicicon_08",
      "unicode": "e60f",
      "unicode_decimal": 58895
    },
    {
      "icon_id": "18918330",
      "name": "apple music icon_07",
      "font_class": "applemusicicon_07",
      "unicode": "e610",
      "unicode_decimal": 58896
    },
    {
      "icon_id": "18918331",
      "name": "apple music icon_09",
      "font_class": "applemusicicon_09",
      "unicode": "e611",
      "unicode_decimal": 58897
    },
    {
      "icon_id": "630095",
      "name": "向左箭头",
      "font_class": "xiangzuojiantou",
      "unicode": "e660",
      "unicode_decimal": 58976
    },
    {
      "icon_id": "2577817",
      "name": "展开",
      "font_class": "CombinedShape",
      "unicode": "e659",
      "unicode_decimal": 58969
    },
    {
      "icon_id": "7060322",
      "name": "向右",
      "font_class": "xiangyou",
      "unicode": "e65b",
      "unicode_decimal": 58971
    },
    {
      "icon_id": "7681856",
      "name": "收起",
      "font_class": "shouqi",
      "unicode": "e60e",
      "unicode_decimal": 58894
    },
    {
      "icon_id": "10188862",
      "name": "展开",
      "font_class": "zhankai",
      "unicode": "e60b",
      "unicode_decimal": 58891
    },
    {
      "icon_id": "22782088",
      "name": "展开",
      "font_class": "unfold",
      "unicode": "e785",
      "unicode_decimal": 59269
    },
    {
      "icon_id": "26560885",
      "name": "收起",
      "font_class": "shouqi1",
      "unicode": "e706",
      "unicode_decimal": 59142
    },
    {
      "icon_id": "34273056",
      "name": "收起",
      "font_class": "shouqi2",
      "unicode": "e651",
      "unicode_decimal": 58961
    },
    {
      "icon_id": "3515681",
      "name": "音效",
      "font_class": "yinxiao",
      "unicode": "e666",
      "unicode_decimal": 58982
    },
    {
      "icon_id": "16618053",
      "name": "close_volume",
      "font_class": "close_volume",
      "unicode": "e6a0",
      "unicode_decimal": 59040
    },
    {
      "icon_id": "805370",
      "name": "刷新",
      "font_class": "shuaxin",
      "unicode": "e61c",
      "unicode_decimal": 58908
    },
    {
      "icon_id": "4485650",
      "name": "后退",
      "font_class": "houtui",
      "unicode": "e608",
      "unicode_decimal": 58888
    },
    {
      "icon_id": "4485661",
      "name": "前进",
      "font_class": "qianjin",
      "unicode": "e609",
      "unicode_decimal": 58889
    },
    {
      "icon_id": "10156372",
      "name": "前进",
      "font_class": "qianjin1",
      "unicode": "e650",
      "unicode_decimal": 58960
    },
    {
      "icon_id": "10156399",
      "name": "后退",
      "font_class": "houtui1",
      "unicode": "e656",
      "unicode_decimal": 58966
    },
    {
      "icon_id": "11976277",
      "name": "后退",
      "font_class": "houtui2",
      "unicode": "e618",
      "unicode_decimal": 58904
    },
    {
      "icon_id": "11976284",
      "name": "前进",
      "font_class": "qianjin2",
      "unicode": "e61a",
      "unicode_decimal": 58906
    },
    {
      "icon_id": "4767104",
      "name": "pause",
      "font_class": "pause",
      "unicode": "e7fe",
      "unicode_decimal": 59390
    },
    {
      "icon_id": "10747010",
      "name": "pause",
      "font_class": "pause1",
      "unicode": "e607",
      "unicode_decimal": 58887
    },
    {
      "icon_id": "2076214",
      "name": "暂停",
      "font_class": "zanting1",
      "unicode": "e87a",
      "unicode_decimal": 59514
    },
    {
      "icon_id": "1216901",
      "name": "play",
      "font_class": "play",
      "unicode": "e64f",
      "unicode_decimal": 58959
    },
    {
      "icon_id": "6717290",
      "name": "歌词",
      "font_class": "ci",
      "unicode": "e88a",
      "unicode_decimal": 59530
    },
    {
      "icon_id": "13253599",
      "name": "歌词",
      "font_class": "geci-copy",
      "unicode": "e606",
      "unicode_decimal": 58886
    },
    {
      "icon_id": "1621626",
      "name": "喜欢",
      "font_class": "xihuan",
      "unicode": "e630",
      "unicode_decimal": 58928
    },
    {
      "icon_id": "2076194",
      "name": "喜欢",
      "font_class": "xihuan1",
      "unicode": "e86f",
      "unicode_decimal": 59503
    },
    {
      "icon_id": "1305012",
      "name": "Headset-2",
      "font_class": "18erji-2",
      "unicode": "e688",
      "unicode_decimal": 59016
    },
    {
      "icon_id": "1312039",
      "name": "差",
      "font_class": "cha",
      "unicode": "e612",
      "unicode_decimal": 58898
    },
    {
      "icon_id": "577341",
      "name": "购物车",
      "font_class": "gouwuche",
      "unicode": "e73d",
      "unicode_decimal": 59197
    },
    {
      "icon_id": "577359",
      "name": "设置",
      "font_class": "shezhi",
      "unicode": "e74c",
      "unicode_decimal": 59212
    },
    {
      "icon_id": "715822",
      "name": "播放历史",
      "font_class": "bofanglishi",
      "unicode": "e602",
      "unicode_decimal": 58882
    },
    {
      "icon_id": "1273432",
      "name": "操作-循环1",
      "font_class": "caozuo-xunhuan1",
      "unicode": "e62b",
      "unicode_decimal": 58923
    },
    {
      "icon_id": "2674474",
      "name": "播放",
      "font_class": "bofang1",
      "unicode": "e624",
      "unicode_decimal": 58916
    },
    {
      "icon_id": "2743894",
      "name": "下载",
      "font_class": "xiazai",
      "unicode": "e646",
      "unicode_decimal": 58950
    },
    {
      "icon_id": "3755856",
      "name": "爱心",
      "font_class": "aixin",
      "unicode": "e613",
      "unicode_decimal": 58899
    },
    {
      "icon_id": "5387611",
      "name": "选择器收起",
      "font_class": "xuanzeqishouqi",
      "unicode": "eb14",
      "unicode_decimal": 60180
    },
    {
      "icon_id": "5387615",
      "name": "选择器展开",
      "font_class": "xuanzeqizhankai",
      "unicode": "eb15",
      "unicode_decimal": 60181
    },
    {
      "icon_id": "5876278",
      "name": "下一曲",
      "font_class": "xiayiqu1",
      "unicode": "e7ff",
      "unicode_decimal": 59391
    },
    {
      "icon_id": "5876279",
      "name": "上一曲",
      "font_class": "shangyiqu1",
      "unicode": "e800",
      "unicode_decimal": 59392
    },
    {
      "icon_id": "7594166",
      "name": "24gf-playlistMusic3",
      "font_class": "24gf-playlistMusic3",
      "unicode": "ea86",
      "unicode_decimal": 60038
    },
    {
      "icon_id": "7903675",
      "name": "音乐",
      "font_class": "yinle",
      "unicode": "e72a",
      "unicode_decimal": 59178
    },
    {
      "icon_id": "12708826",
      "name": "音乐",
      "font_class": "yinle1",
      "unicode": "e60d",
      "unicode_decimal": 58893
    },
    {
      "icon_id": "17448865",
      "name": "视频",
      "font_class": "shipin",
      "unicode": "e603",
      "unicode_decimal": 58883
    },
    {
      "icon_id": "23528427",
      "name": "本地",
      "font_class": "bendi",
      "unicode": "e604",
      "unicode_decimal": 58884
    },
    {
      "icon_id": "33711694",
      "name": "电台",
      "font_class": "diantai",
      "unicode": "e605",
      "unicode_decimal": 58885
    },
    {
      "icon_id": "933718",
      "name": "循环",
      "font_class": "xunhuan",
      "unicode": "e636",
      "unicode_decimal": 58934
    },
    {
      "icon_id": "1046065",
      "name": "单列列表",
      "font_class": "danlieliebiao",
      "unicode": "e6e4",
      "unicode_decimal": 59108
    },
    {
      "icon_id": "1727345",
      "name": "16寄件、发送",
      "font_class": "jijianfasong",
      "unicode": "e893",
      "unicode_decimal": 59539
    },
    {
      "icon_id": "2674483",
      "name": "暂停",
      "font_class": "zanting",
      "unicode": "e629",
      "unicode_decimal": 58921
    },
    {
      "icon_id": "2815702",
      "name": "播放",
      "font_class": "bofang",
      "unicode": "e600",
      "unicode_decimal": 58880
    },
    {
      "icon_id": "4347549",
      "name": "icon_设置",
      "font_class": "icon_shezhi",
      "unicode": "eb8d",
      "unicode_decimal": 60301
    },
    {
      "icon_id": "5387496",
      "name": "主题",
      "font_class": "zhuti",
      "unicode": "eaed",
      "unicode_decimal": 60141
    },
    {
      "icon_id": "11372706",
      "name": "搜索",
      "font_class": "sousuo",
      "unicode": "e8b9",
      "unicode_decimal": 59577
    },
    {
      "icon_id": "12515450",
      "name": "发送",
      "font_class": "fasong",
      "unicode": "e60a",
      "unicode_decimal": 58890
    },
    {
      "icon_id": "20125461",
      "name": "下拉菜单",
      "font_class": "xialacaidan",
      "unicode": "e601",
      "unicode_decimal": 58881
    },
    {
      "icon_id": "35171489",
      "name": "上一曲",
      "font_class": "shangyiqu",
      "unicode": "e860",
      "unicode_decimal": 59488
    },
    {
      "icon_id": "35172151",
      "name": "下一曲",
      "font_class": "xiayiqu",
      "unicode": "e865",
      "unicode_decimal": 59493
    }
  ]
}
